date,season,holiday,workingday,weather,temp,atemp,humidity,windspeed,count
1/01/2024,Summer,1,0,Cloudy,21.5,21.6,68.8,11.9,1156
2/01/2024,Summer,1,0,Clear,19.6,18.7,60.1,11.8,735
3/01/2024,Summer,1,0,Rain,22.2,24.3,84.5,15.7,1056
4/01/2024,Summer,1,0,Cloudy,25,,73.1,18.4,1188
5/01/2024,Summer,1,0,Clear,20.1,20.5,66.4,4.9,930
6/01/2024,Summr,1,0,Storm,20.3,22.1,73.9,12.8,561
7/01/2024,Summer,1,0,Cloudy,24.1,24.6,67.6,8.2,1365
8/01/2024,Summer,0,0,Cloudy,22.3,22.6,79.5,7.4,993
9/01/2024,Summer,0,1,Clear,24.5,26.7,65.7,6.8,935
10/01/2024,Summer,0,1,Clear,23,23.6,70.9,9.1,1132
11/01/2024,Summer,0,1,Rainn,24.9,25.4,62.2,6.4,1146
12/01/2024,Summer,0,1,Rain,20.6,22.5,91.4,13,680
12/01/2024,Summer,0,1,Rain,20.6,22.5,91.4,13,680
13/01/2024,Summer,0,1,Cloudy,23.3,25.6,73.6,10.2,931
14/01/2024,Summer,0,0,Rain,22.9,24.4,85.9,13.4,943
15/01/2024,Summer,0,0,Clear,20.5,20.7,81.1,11.5,839
16/01/2024,Summer,0,1,Clear,19.7,21.4,77.1,11.8,691
17/01/2024,Summer,0,1,Cloudy,25.4,26.2,73.1,8.9,930
18/01/2024,Summer,0,1,Clear,23,25,66.7,16.4,1165
19/01/2024,Summer,0,1,Rain,21.4,22.8,83.1,12.7,731
20/01/2024,Summer,0,1,Cloudy,23.8,23.5,77.3,4.4,996
21/01/2024,Summer,0,0,Cloudy,26.9,28.8,74.3,7,1105
22/01/2024,Summer,0,0,Clear,18.5,21.9,67.9,4.8,694
23/01/2024,Summer,0,1,Storm,20.6,24,97.2,15.1,557
24/01/2024,Summer,0,1,Rain,22.1,25.5,84.3,11.6,784
25/01/2024,Summer,0,1,Cloudy,28.2,29.1,86.4,8.6,678
26/01/2024,Summer,0,1,Clear,20.27735917,30.89013346,81.16833751,16,910
27/01/2024,Summer,0,1,Clear,26.6,,78.9,11.6,1055
28/01/2024,Summer,0,0,Clear,21.9,23,71.8,12.2,1162
29/01/2024,Summer,0,0,Clear,22.59323762,25.48288432,,7.2,1125
30/01/2024,Summer,0,1,Cloudy,27.05663474,27.81359167,83.30971936,7,935
31/01/2024,Summer,0,1,Cloudy,25.2,25.5,70.7,10.1,1062
1/02/2024,Summer,0,1,Storm,28.0173774,26.3269977,,15.5,468
2/02/2024,Summer,0,1,Clear,24.8,27.4,74.9,4.4,1062
3/02/2024,Summer,0,1,Clear,26,27.3,70.2,9.5,943
4/02/2024,Summer,0,0,Clear,25.8,25.1,63.5,10,1293
5/02/2024,Summer,0,0,Clear,27.4,27.8,63.1,9.4,1038
6/02/2024,Summer,0,1,Clear,27.6,27.7,62.8,7.6,688
7/02/2024,Summer,0,1,Clear,21.6,23.2,61,8.4,877
8/02/2024,Summer,0,1,Clear,20.1,,70.4,9.5,814
9/02/2024,Summer,0,1,Cloudy,28.3,30.9,80.4,10.3,669
10/02/2024,Summer,0,1,Clear,28.9,28.9,69.7,11.8,587
11/02/2024,Summer,0,0,Rain,23.4,21.3,73.4,15.2,1108
12/02/2024,Summer,0,0,Cloudy,21.4,20.9,73.7,9.1,1010
13/02/2024,Summer,0,1,Clear,26.4,28.9,68.8,8.6,1039
14/02/2024,Summer,0,1,Rain,28.5,30,95,13.3,522
15/02/2024,Summer,0,1,Rain,30.8,31,,13.8,402
16/02/2024,Summer,0,1,Clear,27.6,30.3,67.4,8.7,827
17/02/2024,Summer,0,1,Clear,25.5,27.9,77.8,12.4,1051
18/02/2024,Summer,0,0,Cloudy,24.2,25.3,76.5,12.9,1179
19/02/2024,Summer,0,0,Clear,26.6,,72,13.9,944
20/02/2024,Summer,0,1,Clear,25.9,26.2,69.6,15.3,1173
21/02/2024,Summer,0,1,Clear,24.1,25.7,70.6,7.4,1137
22/02/2024,Summer,0,1,Cloudy,31.9,34.8,77.8,10,-50
23/02/2024,Summer,0,1,Cloudy,31.3,32.7,69.7,10,
24/02/2024,Summer,0,1,Cloudy,29.7,31.9,78.1,9.7,457
25/02/2024,Summer,0,0,Cloudy,21.95537309,31.20986606,70.14772723,8.1,1029
25/02/2024,Summer,0,0,Cloudy,28.30900203,28.81683007,53.67717651,8.1,1029
26/02/2024,Summer,0,0,Clear,29.1,29.4,70.1,5.5,740
27/02/2024,Summer,0,1,Cloudy,28.6,30.6,74.2,10.3,671
28/02/2024,Summer,0,1,Clear,28.2,28.9,65.1,7.7,746
1/03/2024,Autumn,0,1,Clear,30.3,28.6,68,10.3,384
2/03/2024,Autumn,0,1,Cloudy,28.8,27.9,69.9,7.6,497
3/03/2024,Autumn,0,1,Clear,26.03444528,26.99348577,73.81546907,6.7,607
4/03/2024,Autumn,0,0,Clear,28.9,30.2,65.9,10.7,661
5/03/2024,Autumn,0,0,Cloudy,28.2,29.1,67,10.5,676
6/03/2024,Autumn,0,1,Cloudy,22.9,24.1,74,11.7,1058
7/03/2024,Autumn,0,1,Clear,27.6,29.5,61.5,16.6,786
8/03/2024,Autumn,0,1,Clear,26.1,,,10.8,1052
9/03/2024,Autumn,0,1,Clear,24.3,24.7,61.1,11.5,
10/03/2024,Autumn,0,1,Clear,31.8,33.1,64,6.8,323
11/03/2024,Autumn,0,0,Clear,31.9,32.3,63.5,6.1,312
12/03/2024,Autumn,0,0,Clear,31,,73.1,14.7,279
13/03/2024,Autumn,0,1,Clear,28.3,27.9,68,7.2,826
14/03/2024,Autumn,0,1,Cloudy,31.1,,70.1,6.9,333
15/03/2024,Autumn,0,1,Clear,27.8,28,68.5,9.9,838
16/03/2024,Autumn,0,1,Clear,28.3,,,9.7,656
17/03/2024,Autumn,0,1,Clear,25.1,26.1,65.4,7.3,1003
18/03/2024,Autumn,0,0,Clear,28.8,31.2,75.4,9.1,640
19/03/2024,Autumn,0,0,Cloudy,,28.6,,13.7,855
20/03/2024,Autumn,0,1,Clear,24.6,25.6,65.4,7.6,1057
21/03/2024,Autumn,0,1,Cloudy,27.8,28.7,72.6,5.8,746
22/03/2024,Autumn,0,1,Cloudy,27.7,28.8,74.2,12.8,831
23/03/2024,Autumn,0,1,Clear,32.4,32.8,54.5,11.5,337
24/03/2024,Autumn,0,1,Cloudy,30.2,30.1,60.9,8.1,500
25/03/2024,Autumn,0,0,Clear,28,29.1,65.1,5.3,710
26/03/2024,Autumn,0,0,Clear,,28.7,60.3,7.8,685
27/03/2024,Autumn,0,1,Clear,28.1,31.4,70.2,9.8,659
28/03/2024,Autumn,0,1,Cloudy,27.5,27.9,66.9,13.5,806
29/03/2024,Autumn,0,1,Clear,25.3,,53.6,6.9,1019
30/03/2024,Autumn,1,0,Clear,27.6,27.8,56.7,9.7,829
31/03/2024,Autumn,0,1,Clear,26.1,26.1,49,12,932
1/04/2024,Autumn,0,0,Clear,24.9,24.8,61.4,2.9,1001
2/04/2024,Autumn,0,0,Cloudy,29.3,29.3,66.4,,589
2/04/2024,Autumn,0,0,Cloudy,29.3,29.3,66.4,,589
3/04/2024,Autumn,0,1,Clear,29,30,60,6.5,495
4/04/2024,Autumn,0,1,Clear,23.5,25.9,67.3,11,1077
5/04/2024,Autumn,0,1,Clear,27.7,28.7,67.7,10.7,819
6/04/2024,Autumn,0,1,Cloudy,30.5,32.3,65.6,13.3,560
7/04/2024,Autumn,0,1,Clear,30.6,31.1,50.5,11.7,493
8/04/2024,Autumn,0,0,Clear,30.5,33.6,64,2.9,444
9/04/2024,Autumn,0,0,Clear,28,28.9,63.5,7.6,881
10/04/2024,Autumn,0,1,Rain,25.8,,77,,646
11/04/2024,Autumn,0,1,Rain,25.2,26.1,80.1,11.4,710
12/04/2024,Autumn,0,1,Cloudy,28.8,28.3,59.2,11.4,629
13/04/2024,Autumn,0,1,Clear,28.8,28.4,69.8,12.4,473
14/04/2024,Autumn,0,1,Rain,31.1,34,69.7,13.8,289
15/04/2024,Autumn,0,0,Cloudy,25.63439049,37.71949299,64.20052634,9.4,351
16/04/2024,Autumn,0,0,Cloudy,27.33165579,27.76972095,67.10213505,4.5,826
17/04/2024,Autumn,0,1,Clear,30.6133164,25.59090135,46.61150272,8.6,944
18/04/2024,Autumn,0,1,Clear,27,28.3,66.1,11.2,904
19/04/2024,Autumn,0,1,Clear,28.3,30.9,57,6.7,718
20/04/2024,Autumn,0,1,Rain,27.2,26.6,77.2,13.9,771
21/04/2024,Autumn,0,1,Clear,26.2,26.1,58.9,12.7,941
22/04/2024,Autumn,0,0,Clear,28.3,28.1,57,10.4,725
23/04/2024,Autumn,0,0,Clear,26.3,26,64.1,0.8,1000
24/04/2024,Autumn,0,1,Clear,26,27.7,55.8,6.2,852
25/04/2024,Autumn,0,1,Clear,28.3,27.3,47.8,15.7,747
26/04/2024,Autumn,0,1,Cloudy,26.5,27.7,57.5,8.4,892
27/04/2024,Autumn,0,1,Cloudy,,31.7,64,4,884
28/04/2024,Autumn,0,1,Cloudy,28.1,28,62.9,13.7,633
29/04/2024,Autumn,0,0,Clear,-15,16.25599548,55.24813904,10,1112
30/04/2024,Autumn,0,0,Cloudy,26.1,26.2,56.8,13.3,913
1/05/2024,Autumn,0,1,Cloudy,30.8,32.1,57.3,10.8,386
2/05/2024,Autumn,0,1,Cloudy,24.3,24,58.1,11.4,985
3/05/2024,Autumn,0,1,Clear,21.8,21,47.8,11.1,941
4/05/2024,Autumn,0,1,Clear,,23.3,51.3,12.1,1075
5/05/2024,Autumn,0,1,Clear,,26.8,50.5,16.8,806
6/05/2024,Autumn,0,0,Clear,27,25.1,57.8,12.9,1022
7/05/2024,Autumn,0,0,Clear,26.6,26.2,57.7,5.3,1034
8/05/2024,Autumn,0,1,Clear,29.9,31.4,52.7,11.3,512
9/05/2024,Autumn,0,1,Clear,20.1,20.2,51.2,13.4,737
10/05/2024,Autumn,0,1,Cloudy,27.7,27,58.6,,916
11/05/2024,Autumn,0,1,Clear,30.6,30.4,48.5,8.7,367
12/05/2024,Autumn,0,1,Rain,23.8,23.8,61.6,15.5,834
13/05/2024,Autumn,0,0,Cloudy,25.6,26.2,52.4,12.8,936
14/05/2024,Autumn,0,0,Clear,24.6,22.4,48.7,17.7,1274
15/05/2024,Autumn,0,1,Cloudy,24.1,23.6,50.8,7.7,1027
15/05/2024,Autumn,0,1,Cloudy,24.1,23.6,50.8,7.7,1027
16/05/2024,Autumn,0,1,Clear,25.5,26,52.2,8.5,939
17/05/2024,Autumn,0,1,Rain,29.8,30.6,69.8,11.1,448
18/05/2024,Autumn,0,1,Clear,30.8,31.1,42.9,8.5,430
19/05/2024,Autumn,0,1,Cloudy,25.3,24.6,55.7,7.3,885
20/05/2024,Autumn,0,0,Clear,30.8,31.9,49.3,1.7,506
21/05/2024,Autumn,0,0,Clear,26,,51.8,8.7,1078
22/05/2024,Autumn,0,1,Clear,30.2,30.6,49.8,11.1,486
23/05/2024,Autumn,0,1,Rain,25.5,26,57.4,10.5,769
24/05/2024,Autumn,0,1,Clear,26,25,43.1,15.8,990
25/05/2024,Autumn,0,1,Clear,26.5,25.7,,10,930
26/05/2024,Autumn,0,1,Clear,33.5,33.2,54.1,13.9,171
27/05/2024,Autumn,0,0,Clear,27.6,28.1,37.6,10.8,825
28/05/2024,Autumn,0,0,Clear,60,23.2,50.2,12.5,1270
29/05/2024,Autumn,0,1,Clear,27.7,26.9,54.2,10.8,702
30/05/2024,Autumn,0,1,Clear,24.3,23.2,47.2,14.1,1072
31/05/2024,Autumn,0,1,Cloudy,,24.3,55.5,10.2,930
1/06/2024,Winter,0,1,Cloudy,27.3,26.7,49,11.5,831
2/06/2024,Winter,0,1,Clear,25,25.2,46.7,11.1,844
3/06/2024,Winter,0,0,Clear,25.5,25.6,39,9.1,918
4/06/2024,Winter,0,0,Clear,24.8,24.8,35.2,11.2,934
5/06/2024,Winter,0,1,Cloudy,25.5,26.6,56.4,16.7,848
6/06/2024,Winter,0,1,Clear,25.6,26.3,41.5,9.2,777
7/06/2024,Winter,0,1,Cloudy,19.6,18.5,49,11.3,544
8/06/2024,Winter,0,1,Cloudy,26,24.5,44.1,13.8,619
9/06/2024,Winter,0,1,Cloudy,21.8,21.1,43.8,13.4,800
10/06/2024,Winter,0,0,Clear,20.6,19.9,44.8,10,767
11/06/2024,Winter,0,0,Rain,23.9,23.7,56.8,4.8,680
12/06/2024,Winter,0,1,Clear,24.2,23.5,47.1,11.6,1022
13/06/2024,Winter,0,1,Clear,22.2,22.2,47.3,3.3,768
14/06/2024,Winter,1,0,Clear,25.9,24.6,46.4,14.4,1093
15/06/2024,Winter,0,1,Clear,20.3,19.8,45.8,10.5,655
16/06/2024,Winter,1,0,Cloudy,22.6,23.8,57.4,13,1104
17/06/2024,Winter,0,0,Cloudy,22,22.2,43.9,7.3,931
18/06/2024,Winter,0,0,Clear,23.3,25.9,43.8,5.3,933
19/06/2024,Winter,0,1,Rain,24,24.6,64.6,12.8,656
19/06/2024,Winter,0,1,Rain,24,24.6,64.6,12.8,656
20/06/2024,Winter,0,1,Clear,20.7,20.4,50.1,9.9,795
21/06/2024,Winter,0,1,Clear,24.9,24.4,36.5,8.5,899
22/06/2024,Winter,0,1,Clear,23.1,,41.9,10.3,908
23/06/2024,Winter,0,1,Rain,18.2,18.3,65.1,20.3,
24/06/2024,Winter,0,0,Clear,17.9,19.5,45.6,12.5,418
25/06/2024,Winter,0,0,Clear,22.7,21.2,500,13.1,995
26/06/2024,Winter,0,1,Clear,22,22.2,41.7,12.5,940
27/06/2024,Winter,0,1,Storm,18.22077105,22.48496218,44.81889488,19.4,591
27/06/2024,Winter,0,1,Storm,22.2,22,60.7,19.4,591
28/06/2024,Winter,0,1,Cloudy,22.3,20.7,48.9,9.4,799
29/06/2024,Winter,0,1,Cloudy,22.8,24,46.1,3.8,814
30/06/2024,Winter,0,1,Cloudy,24.5,25.7,47,9.4,717
1/07/2024,Winter,0,0,Cloudy,11.9164845,13.85938441,54.94905785,12.4,515
2/07/2024,Winter,0,0,Clear,19,18.7,38.6,7.1,645
3/07/2024,Winter,0,1,Clear,22.06257084,19.306229,33.33275734,9.5,565
4/07/2024,Winter,0,1,Cloudy,22.5,22,61.3,7.9,827
5/07/2024,Winter,0,1,Cloudy,,24.7,,14.5,934
5/07/2024,Winter,0,1,Cloudy,,24.7,,14.5,934
6/07/2024,Winter,0,1,Clear,20.5,19.4,43.1,12.2,631
7/07/2024,Winter,0,1,Clear,15.2,13.3,,12,173
8/07/2024,Winter,0,0,Cloudy,17.1,17.1,49.2,11.9,370
9/07/2024,Winter,0,0,Clear,19.2,18.2,41.4,9.9,
10/07/2024,Winter,0,1,Rain,19.7,19.5,59.9,12.6,619
11/07/2024,Winter,0,1,Clear,,18.38041743,38.87694571,6.4,749
12/07/2024,Winter,0,1,Clear,21,20.1,41.8,3.4,805
13/07/2024,Winter,0,1,Cloudy,20.1,19.2,51.5,10.5,770
14/07/2024,Winter,0,1,Clear,23.4,22.4,29,11,808
15/07/2024,Winter,0,0,Clear,18.9,19.5,48.6,13.6,607
16/07/2024,Winter,0,0,Clear,18.4,18.8,42.4,14.7,567
17/07/2024,Winter,0,1,Cloudy,21.6,20.5,50.9,14.7,694
18/07/2024,Winter,0,1,Clear,16.5,16.9,34.3,7,320
19/07/2024,Winter,0,1,Clear,21.2,19.8,36.2,8.9,709
20/07/2024,Winter,0,1,Cloudy,20.4,21.9,46.1,11.4,715
21/07/2024,Winter,0,1,Rain,22.17826082,16.08283452,52.09528336,19.6,582
22/07/2024,Winter,0,0,Clear,23.9,24.4,41.6,14.4,
22/07/2024,Winter,0,0,Clear,23.9,24.4,41.6,14.4,
23/07/2024,Winter,0,0,Clear,18.3,17.1,45.6,13.4,378
24/07/2024,Winter,0,1,Clear,24.9,26.1,31.3,8.8,843
25/07/2024,Winter,0,1,Clear,19.1,19.7,45,7.4,617
26/07/2024,Winter,0,1,Clear,16.4,14.6,40.1,12.4,286
27/07/2024,Winter,0,1,Cloudy,16.01031712,,59.44604291,6.7,368
28/07/2024,Winter,0,1,Clear,16.7,16.7,32.7,9.3,413
29/07/2024,Winter,0,0,Clear,17.4,18.1,42.5,9.7,432
30/07/2024,Winter,0,0,Cloudy,20.2,18.8,32.9,14.8,634
31/07/2024,Winter,0,1,Clear,20.5,20.3,43.2,8.9,807
1/08/2024,Winter,0,1,Clear,17.5,18.1,32.5,2.7,336
2/08/2024,Winter,0,1,Cloudy,21.4,21.1,45.3,11.5,694
3/08/2024,Winter,0,1,Cloudy,21.7,20.4,44.4,7.9,803
4/08/2024,Winter,0,1,Cloudy,22.3,21.5,50.9,10.1,956
5/08/2024,Winter,0,0,Clear,,19.7,,9.7,867
6/08/2024,Winter,0,0,Clear,22,22.6,36.6,9.2,971
6/08/2024,Winter,0,0,Clear,22,22.6,36.6,9.2,971
7/08/2024,Winter,0,1,Rain,13.8,15.1,52.5,14.4,124
8/08/2024,Winter,0,1,Clear,17.6,18.7,46.5,5.4,470
9/08/2024,Winter,0,1,Clear,16.2,16.2,42.8,8.4,166
10/08/2024,Winter,0,1,Clear,18.5,18.5,38.2,12.1,560
11/08/2024,Winter,0,1,Cloudy,16.7,16,44,8.2,234
12/08/2024,Winter,0,0,Rain,17.7,17.7,47.4,7.2,50000
13/08/2024,Winter,0,0,Clear,22.7,21.3,42.3,12,972
14/08/2024,Winter,0,1,Rain,17.5,15.5,46.6,15.4,348
15/08/2024,Winter,0,1,Clear,19.43847775,16.69993769,35.98499573,9.9,558
15/08/2024,Winter,0,1,Clear,18.9,18.9,44.2,9.9,558
16/08/2024,Winter,0,1,Clear,17.2,17.5,41.1,4.1,118
17/08/2024,Winter,0,1,Cloudy,17.9,18.7,57.5,12.1,
18/08/2024,Winter,0,1,Clear,17.6,17.9,35.1,5,462
18/08/2024,Winter,0,1,Clear,17.6,17.9,35.1,5,462
19/08/2024,Winter,0,0,Clear,18.7,18.3,40.2,10.9,611
20/08/2024,Winter,0,0,Clear,20.4,21.2,49.8,,779
21/08/2024,Winter,0,1,Rain,18.48750242,24.43519141,58.58984974,8.5,777
22/08/2024,Winter,0,1,Clear,18.1,18.1,37.5,8.7,489
23/08/2024,Winter,0,1,Rain,18.8,18.3,57.2,11.5,453
24/08/2024,Winter,0,1,Cloudy,14.4,14.7,46.2,8.1,213
25/08/2024,Winter,0,1,Clear,17,17.1,42.7,11.8,368
26/08/2024,Winter,0,0,Cloudy,19.5,,42.9,8.7,547
27/08/2024,Winter,0,0,Clear,19.2,18.5,41,12.9,447
28/08/2024,Winter,0,1,Clear,17.5,16,33.6,10.8,359
29/08/2024,Winter,0,1,Cloudy,19.2,18.7,47.4,7.9,594
30/08/2024,Winter,0,1,Cloudy,18.1,17.2,49.1,7.4,396
31/08/2024,Winter,0,1,Clear,19.8,21.1,40.8,5.1,720
1/09/2024,Spring,0,1,Clear,17.5,17.7,34,10.9,460
2/09/2024,Spring,0,0,Cloudy,15.8,16.6,52.2,8.9,377
3/09/2024,Spring,0,0,Rain,17.5,20.5,59.2,4.9,361
4/09/2024,Spring,0,1,Cloudy,,,45.08698575,8.4,49
5/09/2024,Spring,0,1,Clear,17.5,20.4,41.2,7.3,493
6/09/2024,Spring,0,1,Clear,7.4,6,35.3,14.7,124
7/09/2024,Spring,0,1,Clear,14.14864727,15.33614858,37.64266283,4.9,0
8/09/2024,Spring,0,1,Cloudy,27.30988818,14.09213663,56.52671783,5.7,385
9/09/2024,Spring,0,0,Rain,18.79372494,17.87840642,67.23524925,15.3,462
10/09/2024,Spring,0,0,Clear,13.5,13.4,40.2,14.1,245
10/09/2024,Spring,0,0,Clear,13.5,13.4,40.2,14.1,245
11/09/2024,Spring,0,1,Clear,14.6,14.5,46.8,7.8,192
12/09/2024,Spring,0,1,Clear,19.7,21.3,41,8.1,709
13/09/2024,Spring,0,1,Cloudy,20.94736344,18.572266,30.38103636,11.8,252
14/09/2024,Spring,0,1,Cloudy,21.9,22.7,48.4,3,958
15/09/2024,Spring,0,1,Clear,16.2,15.8,48.6,4.4,279
16/09/2024,Spring,0,0,Clear,17.2,17.3,41.8,9.2,481
17/09/2024,Spring,0,0,Cloudy,20.2,,41.8,14.6,892
18/09/2024,Spring,0,1,Clear,16.5,15.4,37.9,8.7,485
19/09/2024,Spring,0,1,Cloudy,13.6,12.7,47.3,10.3,168
20/09/2024,Spring,0,1,Clear,15.8,17.6,39,13.4,275
21/09/2024,Spring,0,1,Clear,16,15,47.5,16.3,283
22/09/2024,Spring,0,1,Rain,16.18999401,13.15050309,77.55291995,10.3,105
23/09/2024,Spring,0,0,Clear,15.4,15.1,57.7,9.9,249
24/09/2024,Spring,0,0,Clear,14.2,13,37.3,15.5,178
25/09/2024,Spring,0,1,Clear,18.3,19.2,47.2,5.4,467
26/09/2024,Spring,0,1,Clear,16.1,15.9,40.8,13.1,401
27/09/2024,Spring,0,1,Clear,15.3,16,44.2,6.9,136
27/09/2024,Spring,0,1,Clear,15.3,16,44.2,6.9,136
28/09/2024,Spring,0,1,Clear,,14.9,47.6,10.3,229
29/09/2024,Spring,0,1,Clear,16.6,16.2,35.4,9.3,351
30/09/2024,Spring,0,0,Clear,17.5,16.9,48.5,7.1,655
1/10/2024,Spring,0,0,Cloudy,13.5,13.8,62,7.1,79
2/10/2024,Spring,0,1,Cloudy,13.4,12.4,50.5,10.8,45
3/10/2024,Spring,0,1,Clear,18.8,17.2,49.3,13,562
4/10/2024,Spring,0,1,Clear,15,16.2,53.3,,334
5/10/2024,Spring,0,1,Clear,12.5,13,47.6,10.2,0
6/10/2024,Spring,0,1,Rain,15.21650448,21.8694935,74.90822484,13.7,236
7/10/2024,Spring,0,0,Cloudy,17.2,17.1,42.5,7.1,
8/10/2024,Spring,0,0,Clear,12.2,12.9,52.3,12.2,116
9/10/2024,Spring,0,1,Clear,16.6,14.6,48.8,12.5,262
10/10/2024,Spring,0,1,Clear,17.9,17.7,44.5,17.8,494
11/10/2024,Spring,1,0,Clear,17,17.3,,8.9,470
12/10/2024,Spring,0,1,Clear,17.7,18.3,47.2,8.6,538
13/10/2024,Spring,0,1,Clear,12.6,12.7,47.7,12.3,223
14/10/2024,Spring,0,0,Clear,8.986523482,12.64284979,50.43108836,12.5,456
15/10/2024,Spring,0,0,Clear,15.4,13.8,44.1,8.4,215
16/10/2024,Spring,0,1,Clear,14.58009326,21.21141587,70.0518837,8.8,265
17/10/2024,Spring,0,1,Clear,18.4,18.5,44.3,11.6,504
18/10/2024,Spring,0,1,Cloudy,20,21.1,53.3,7.5,616
19/10/2024,Spring,0,1,Clear,20.8,20.1,61.4,8.8,717
20/10/2024,Spring,0,1,Rain,19.6,19.5,72.7,12.3,433
20/10/2024,Spring,0,1,Rain,19.6,19.5,72.7,12.3,433
21/10/2024,Spring,0,0,Clear,16.1,15.2,52.8,13,251
22/10/2024,Spring,0,0,Cloudy,17.3,17.2,52.9,8.2,330
23/10/2024,Spring,0,1,Rain,18.3,18.1,65.2,6.5,456
24/10/2024,Spring,0,1,Rain,16.8,16.6,68.5,6.3,189
25/10/2024,Spring,0,1,Cloudy,16.8,16.8,58.5,,91
26/10/2024,Spring,0,1,Cloudy,18.6,19.5,,6.1,455
27/10/2024,Spring,0,1,Cloudy,18.32123127,13.4407866,68.02659844,9.5,267
28/10/2024,Spring,0,0,Cloudy,14.8,15.5,58.1,6.4,143
28/10/2024,Spring,0,0,Cloudy,14.8,15.5,58.1,6.4,143
29/10/2024,Spring,0,0,Clear,15.6,16.8,47.2,7.9,401
30/10/2024,Spring,0,1,Clear,18.3,17.4,52.1,7.7,500
31/10/2024,Spring,0,1,Clear,16.8,17.2,59.5,8.7,438
1/11/2024,Spring,0,1,Cloudy,17.7,18.5,53.3,14,431
2/11/2024,Spring,0,1,Clear,18.6,18.2,54.5,12,577
3/11/2024,Spring,0,1,Clear,16,15.5,51.6,10,221
4/11/2024,Spring,0,0,Cloudy,18.9,20.8,61.5,8.6,623
5/11/2024,Spring,0,0,Clear,18,,54.2,8.7,497
6/11/2024,Spring,0,1,Clear,14,15.7,63.8,11,153
7/11/2024,Spring,0,1,Clear,20.8,21.5,59.2,11.8,840
8/11/2024,Spring,0,1,Clear,16,15.9,50.4,7.3,211
9/11/2024,Spring,0,1,Clear,13.2,,60.6,10.1,176
10/11/2024,Spring,0,1,Clear,14.8,15.9,53.6,3.9,220
11/11/2024,Spring,0,0,Clear,14.9,16.1,54.8,10.6,177
12/11/2024,Spring,0,0,Clear,17.6,17.3,59.5,12.3,519
13/11/2024,Spring,0,1,Clear,,17.3,55.8,9.2,371
14/11/2024,Spring,0,1,Cloudy,16.8,17.1,67.9,15.4,
15/11/2024,Spring,0,1,Clear,13.19657207,21.25229614,51.15485616,7.4,676
16/11/2024,Spring,0,1,Rain,18.6,,70.9,12.7,410
17/11/2024,Spring,0,1,Rain,18.7,20.5,70.9,11.9,386
18/11/2024,Spring,0,0,Clear,19,19.8,56.7,9.7,562
19/11/2024,Spring,0,0,Clear,19.6,19,65.2,9.7,747
20/11/2024,Spring,0,1,Clear,12.8,14.7,63.1,10.3,128
21/11/2024,Spring,0,1,Cloudy,17.3,20.4,73.8,12.5,330
22/11/2024,Spring,0,1,Cloudy,12.8,14.7,,14.1,277
23/11/2024,Spring,0,1,Cloudy,18.4,20.4,60.5,10,588
24/11/2024,Spring,0,1,Clear,18.4,18.8,61.3,12.4,664
25/11/2024,Spring,0,0,Cloudy,21.1,20.2,,7.9,965
26/11/2024,Spring,0,0,Clear,25.45313761,27.59450888,55.35978279,12.3,1176
27/11/2024,Spring,0,1,Cloudy,19.2,20.3,63.5,7.7,543
28/11/2024,Spring,0,1,Clear,17.5,16.9,56.6,13.3,243
29/11/2024,Spring,0,1,Cloudy,20.1,19.1,61.8,16.6,674
30/11/2024,Spring,0,1,Rain,17.6,18.7,76.6,11.6,404
1/12/2024,Summer,0,1,Clear,,20.6,56.5,3.4,688
2/12/2024,Summer,0,0,Cloudy,21.6,21.4,72,8.4,1025
3/12/2024,Summer,0,0,Clear,17.8,17.4,58.4,13.7,667
4/12/2024,Summer,0,1,Cloudy,21.3,24.3,82.2,11.7,921
5/12/2024,Summer,0,1,Clear,21.1,20.5,61.2,,1007
6/12/2024,Summer,0,1,Rain,17.1,18.9,79,15,255
7/12/2024,Summer,0,1,Clear,22,21.7,57.4,11.5,947
8/12/2024,Summer,0,1,Storm,21.4,23.2,92.6,18.7,717
9/12/2024,Summer,0,0,Rain,20,22.4,84.8,14.8,702
10/12/2024,Summer,0,0,Cloudy,17.9,19.3,70.9,14.6,486
11/12/2024,Summer,0,1,Cloudy,17.8,19.3,62.9,11.1,422
12/12/2024,Summer,0,1,Cloudy,18.7,18.3,70.9,12.7,531
13/12/2024,Summer,0,1,Rain,21.5,,74.4,11.1,714
14/12/2024,Summer,0,1,Clear,17.9,18.3,,8.2,417
15/12/2024,Summer,0,1,Cloudy,21.4,22.4,74.5,15.1,783
16/12/2024,Summer,0,0,Clear,17.3,18.3,66.1,,482
17/12/2024,Summer,0,0,Cloudy,20,20.7,58.6,12.4,773
18/12/2024,Summer,0,1,Clear,22.43148454,22.60187088,69.77793172,10.4,1013
19/12/2024,Summer,0,1,Cloudy,26.9,,74.6,8.2,898
20/12/2024,Summer,1,0,Cloudy,17.4,17.4,77.4,10,523
21/12/2024,Summer,1,0,Clear,24.6,26.2,72,14.3,1257
22/12/2024,Summer,1,0,Clear,21.4,21.9,58.7,11.7,1149
23/12/2024,Summer,1,0,Cloudy,22.2,25,73.3,4.9,1278
24/12/2024,Summer,1,0,Cloudy,21.5,22.9,77,9.4,1240
25/12/2024,Summer,1,0,Clear,22.5,21,58.8,15.3,1257
26/12/2024,Summer,1,0,Cloudy,21.1,23.2,72.2,9.4,1111
27/12/2024,Summer,1,0,Rain,25.2,26.9,83.8,6.6,1006
28/12/2024,Summer,1,0,Clear,20.5,21.1,66,15.7,1100
29/12/2024,Summer,1,0,Clear,24.6,24.2,58.4,12,1278
30/12/2024,Summer,1,0,Clear,20.3,22.7,66.2,9.8,947
30/12/2024,Summer,1,0,Clear,20.3,22.7,66.2,9.8,947
31/12/2024,Summer,1,0,Cloudy,21.8,22.1,,8.9,1235
1/01/2025,Summer,1,0,Clear,19.4,19.6,67.4,13.2,923
2/01/2025,Summer,1,0,Cloudy,23.3,24.6,70.4,8.4,1256
3/01/2025,Summer,1,0,Cloudy,25.9,25.5,71.1,13.4,1166
4/01/2025,Summer,1,0,Clear,22.2,23.3,68.3,11.6,1216
5/01/2025,Summer,1,0,Rain,22,25.2,85.8,12.7,891
6/01/2025,Summer,1,0,Cloudy,19.8,20.4,72.2,10.4,982
7/01/2025,Summer,1,0,Clear,22.1,23.4,66.7,9.5,-100
8/01/2025,Summer,0,1,Clear,18.8,16.7,69.4,13.1,607
9/01/2025,Summer,0,1,Clear,20.6,21.3,59.4,7.4,981
10/01/2025,Summer,0,1,Clear,23.6,24.8,71.5,5.1,1048
11/01/2025,Summer,0,1,Clear,26.4,26.4,69.2,11.8,949
12/01/2025,Summer,0,1,Rain,30.3,32.7,84.5,13.9,525
13/01/2025,Summer,0,0,Clear,21.9,22.6,74.1,11.4,1190
14/01/2025,Summer,0,0,Clear,27,27.2,59.6,11.2,992
15/01/2025,Summer,0,1,Cloudy,18.15011523,16.87385557,61.59060959,9,1055
16/01/2025,Summer,0,1,Cloudy,23.3,22.4,75.9,12.4,1034
17/01/2025,Summer,0,1,Rain,24.8,25.2,84.6,11.9,644
18/01/2025,Summer,0,1,Cloudy,24,26.4,75.5,8.5,960
19/01/2025,Summer,0,1,Clear,24.2,23.1,67.4,9.1,1118
20/01/2025,Summer,0,0,Clear,21.23964396,24.05986915,51.94297287,16.1,
21/01/2025,Summer,0,0,Storm,20.6,22.5,94.5,9.8,605
22/01/2025,Summer,0,1,Cloudy,20.4,23.3,77.3,11.5,
23/01/2025,Summer,0,1,Storm,25.9,28.6,88.6,10,598
23/01/2025,Summer,0,1,Storm,25.9,28.6,88.6,10,598
24/01/2025,Summer,0,1,Clear,23.7,23.7,59.4,9.7,1036
25/01/2025,Summer,0,1,Rain,23,26.2,88.8,10.7,884
26/01/2025,Summer,0,1,Cloudy,,26.1,81.1,3.7,999
27/01/2025,Summer,0,0,Clear,26.7,28.7,73.2,11.2,1050
28/01/2025,Summer,0,0,Cloudy,25.2,25,70.6,8.9,1073
29/01/2025,Summer,0,1,Cloudy,23.2,26.4,78.4,3.7,1200
30/01/2025,Summer,0,1,Clear,28,28.6,74.3,12.5,627
31/01/2025,Summer,0,1,Clear,29,28.9,,14.3,643
1/02/2025,Summer,0,1,Rain,26.4,27,80.6,16.5,780
2/02/2025,Summer,0,1,Clear,27.7,28.8,68.9,11.1,792
3/02/2025,Summer,0,0,Clear,28.4,29.1,73.7,10.1,898
4/02/2025,Summer,0,0,Clear,28.2,29.4,70.2,14,919
5/02/2025,Summer,0,1,Clear,27,26.6,64.3,15,928
6/02/2025,Summer,0,1,Rain,27.1,,87,15.4,702
7/02/2025,Summer,0,1,Cloudy,26.9,29.1,77.8,7.2,
7/02/2025,Summer,0,1,Cloudy,30.53304564,21.02702366,77.85948036,7.2,
8/02/2025,Summer,0,1,Clear,23,23.9,70.3,10.6,1091
9/02/2025,Summer,0,1,Storm,27.6,28.5,90.9,16.3,514
10/02/2025,Summer,0,0,Rain,22.5,24.7,83.5,6.6,901
11/02/2025,Summer,0,0,Clear,24,25.7,77.1,11.4,1250
12/02/2025,Summer,0,1,Rain,29.3,32,80.1,18.8,554
13/02/2025,Summer,0,1,Clear,28.2,29.8,66.7,11.9,682
14/02/2025,Summer,0,1,Storm,29.9,31.9,89.6,19.4,246
15/02/2025,Summer,0,1,Cloudy,25.6,30.1,78.9,10.5,841
16/02/2025,Summer,0,1,Cloudy,23.5,24.8,66.9,9.8,1096
17/02/2025,Summer,0,0,Clear,25.8,26.8,62.8,11.1,1170
18/02/2025,Summer,0,0,Rain,26.7,28.7,74.1,9.6,864
19/02/2025,Summer,0,1,Clear,26.7,27,69.3,7.1,848
20/02/2025,Summer,0,1,Clear,29.4,29.3,63.5,13.8,755
21/02/2025,Summer,0,1,Clear,25.8,25.7,67.1,14.1,1004
22/02/2025,Summer,0,1,Cloudy,27.6,29.9,77.2,7,
23/02/2025,Summer,0,1,Clear,24.3,24.6,65.6,12.9,1188
24/02/2025,Summer,0,0,Rain,28,29.7,84.8,,614
25/02/2025,Summer,0,0,Cloudy,26.9,29,72.1,11,905
26/02/2025,Summer,0,1,Clear,25.1,26.9,71.8,11.4,1109
26/02/2025,Summer,0,1,Clear,25.1,26.9,71.8,11.4,1109
27/02/2025,Summer,0,1,Clear,26.5,27,70.7,13,1222
28/02/2025,Summer,0,1,Clear,26.6,26.7,64.8,10.2,998
29/02/2025,Summer,0,1,Cloudy,26.5,28.3,72.3,14.2,1040
1/03/2025,Autumn,0,1,Cloudy,31.6,33.7,78.2,10.9,388
2/03/2025,Autumn,0,0,Clear,29.36124438,32.95028048,59.85735016,11.9,976
3/03/2025,Autumn,0,0,Cloudy,26.7,27.4,65.7,,824
4/03/2025,Autumn,0,1,Clear,22.1,22.7,70.8,16.5,1051
5/03/2025,Autumn,0,1,Cloudy,25.2,26.6,67,11.4,811
6/03/2025,Autumn,0,1,Rain,26.8,29.2,89.3,14.1,820
7/03/2025,Autumn,0,1,Cloudy,25.8,27.9,77.3,5.2,913
8/03/2025,Autumn,0,1,Cloudy,31,33,73.4,7.5,142
9/03/2025,Autumn,0,0,Cloudy,27.2,28,72.6,13.7,828
10/03/2025,Autumn,0,0,Clear,30.8,30.8,65.6,10.9,493
11/03/2025,Autumn,0,1,Clear,27.8,29.1,69.9,4.3,20000
12/03/2025,Autumn,0,1,Clear,24.02044153,23.45420809,45.47694453,13.1,836
13/03/2025,Autumn,0,1,Clear,27.5,28.5,67.3,8.4,744
14/03/2025,Autumn,0,1,Cloudy,27.7,26.7,75.3,14.2,614
15/03/2025,Autumn,0,1,Cloudy,32.1,32.6,68,9.7,248
16/03/2025,Autumn,0,0,Cloudy,22,22.9,67.5,10.6,967
17/03/2025,Autumn,0,0,Clear,30.70137247,27.22569748,73.76003846,13.5,1078
18/03/2025,Autumn,0,1,Cloudy,26.5,27.3,64.9,7.3,941
19/03/2025,Autumn,1,0,Clear,27.9,29,55.9,7,832
19/03/2025,Autumn,1,0,Clear,27.9,29,55.9,7,832
20/03/2025,Autumn,0,1,Clear,29.6,29.5,68.5,9.4,572
21/03/2025,Autumn,0,1,Cloudy,29.1,28.6,78.7,12.5,569
22/03/2025,Autumn,0,1,Storm,27,28.6,91.6,11,
23/03/2025,Autumn,0,0,Cloudy,30.5,32.3,61.1,5,
24/03/2025,Autumn,0,0,Clear,30.5,32.9,67.7,12.5,478
25/03/2025,Autumn,0,1,Cloudy,28.4,30.7,76,8.2,800
26/03/2025,Autumn,0,1,Clear,30.4,29.6,61.4,8.8,499
27/03/2025,Autumn,0,1,Rain,28.7,30.2,300,6.4,382
28/03/2025,Autumn,0,1,Cloudy,33.68319089,27.38067568,64.26595253,8,585
29/03/2025,Autumn,0,1,Clear,29.7,30.6,64.3,10,589
30/03/2025,Autumn,1,0,Clear,28.3,28.9,57.5,12.8,919
31/03/2025,Autumn,0,0,Clear,28,28,63.6,7.7,912
1/04/2025,Autumn,0,1,Storm,31.7,32,74.5,20,117
2/04/2025,Autumn,0,1,Clear,21.9,23.2,64.8,7.9,976
3/04/2025,Autumn,0,1,Cloudy,24.4,26.6,72,8,1020
4/04/2025,Autumn,0,1,Cloudy,25,24.4,62.7,14.6,900
5/04/2025,Autumn,0,1,Clear,27.1,27,55.7,10.6,823
6/04/2025,Autumn,0,0,Clear,27.3,24.8,50.4,8.3,909
7/04/2025,Autumn,0,0,Rain,24.2,24.6,74.6,11.5,931
8/04/2025,Autumn,0,1,Clear,28.64076923,24.79428018,58.7094986,14.1,
8/04/2025,Autumn,0,1,Clear,25.5,24.9,57.8,14.1,
9/04/2025,Autumn,0,1,Clear,25.8,24.5,52.7,14.4,1052
10/04/2025,Autumn,0,1,Cloudy,34.1,35.3,67.5,7.5,84
11/04/2025,Autumn,0,1,Cloudy,80,33,,9.9,120
12/04/2025,Autumn,0,1,Rain,26.8,25.3,69.4,12.3,5000
13/04/2025,Autumn,0,0,Clear,,27.8,56.7,7,905
14/04/2025,Autumn,0,0,Clear,25,24.8,64.6,9.8,1072
15/04/2025,Autumn,0,1,Clear,23,24.1,62,,1015
16/04/2025,Autumn,0,1,Clear,27.5,26.3,58.1,13.4,816
17/04/2025,Autumn,0,1,Clear,25.3,25.5,61.6,13.6,975
18/04/2025,Autumn,0,1,Clear,27.5,27.5,52.5,9,807
19/04/2025,Autumn,0,1,Clear,23.7,24.5,,9.4,1034
20/04/2025,Autumn,0,0,Clear,25.8,26.1,58.5,12,
21/04/2025,Autumn,0,0,Clear,28,28.2,55.2,8.2,633
22/04/2025,Autumn,0,1,Cloudy,,27.5,64.4,11.8,783
23/04/2025,Autumn,0,1,Cloudy,,27.5,58.1,9.7,610
24/04/2025,Autumn,0,1,Clear,24.2,24.4,59.3,7.1,1085
25/04/2025,Autumn,0,1,Clear,29.6,30.3,59.2,7.1,437
26/04/2025,Autumn,0,1,Clear,25.4,24,41.6,14.3,960
27/04/2025,Autumn,0,0,Cloudy,29,30.5,66.9,9.5,580
28/04/2025,Autumn,0,0,Clear,27.3,26.1,40.5,14.9,1029
29/04/2025,Autumn,0,1,Clear,23.8,23.2,52.4,8.5,992
30/04/2025,Autumn,0,1,Clear,26.4,26.6,60.3,10.9,981
1/05/2025,Autumn,0,1,Clear,28.1,27.8,53.3,17.2,686
2/05/2025,Autumn,0,1,Clear,28.7,29.2,47.3,6.8,631
3/05/2025,Autumn,0,1,Clear,26.7,29.1,49,4.3,874
3/05/2025,Autumn,0,1,Clear,26.7,29.1,49,4.3,874
4/05/2025,Autumn,0,0,Clear,30.8,30.3,59.3,13.9,540
5/05/2025,Autumn,0,0,Cloudy,29.5,29.6,49.3,7.5,416
6/05/2025,Autumn,0,1,Cloudy,26.3,27.4,64.3,9.9,756
7/05/2025,Autumn,0,1,Cloudy,28.7,29.3,58.1,8.2,451
8/05/2025,Autumn,0,1,Clear,31.6,30.9,47.2,10.8,231
9/05/2025,Autumn,0,1,Cloudy,31.6,30.6,55,7.1,227
10/05/2025,Autumn,0,1,Clear,23.6,23,47.5,9.5,907
11/05/2025,Autumn,0,0,Clear,25.65575409,27.36574437,50.27964655,11.3,1078
12/05/2025,Autumn,0,0,Cloudy,30.2,29.3,60.8,7,313
13/05/2025,Autumn,0,1,Clear,23.8,22.9,43.3,7.9,957
14/05/2025,Autumn,0,1,Clear,23.1,22.1,49.6,9,1118
15/05/2025,Autumn,0,1,Cloudy,25.1,26.2,52,5.7,965
16/05/2025,Autumn,0,1,Rain,-20,28.9,72.6,10.7,665
17/05/2025,Autumn,0,1,Rain,25.9,25.2,59.1,12.4,672
18/05/2025,Autumn,0,0,Clear,24.5,24.8,,8.8,1011
19/05/2025,Autumn,0,0,Clear,24.3,22.6,50.2,9.2,1045
20/05/2025,Autumn,0,1,Cloudy,24.2,23.6,49.3,9.9,952
21/05/2025,Autumn,0,1,Clear,23.7,24.1,46.5,8,1107
22/05/2025,Autumn,0,1,Cloudy,31.5,32.1,50.6,12.1,377
23/05/2025,Autumn,0,1,Clear,26.4,25,43,14.3,971
24/05/2025,Autumn,1,0,Clear,27.8,29,49.6,8.6,851
25/05/2025,Autumn,0,0,Clear,24.3,22.3,42.8,11.5,1138
26/05/2025,Autumn,0,0,Cloudy,25,23.4,42.8,9.3,1001
27/05/2025,Autumn,0,1,Clear,23.6,24,150,11.1,1020
28/05/2025,Autumn,0,1,Clear,18.7,19.3,39.2,14.7,743
29/05/2025,Autumn,0,1,Clear,21.7,21.8,44.2,11.5,796
30/05/2025,Autumn,0,1,Clear,20.6,20.7,43.2,4.7,800
31/05/2025,Autumn,0,1,Clear,19.4,16.7,43.2,11.4,771
1/06/2025,Winter,0,0,Cloudy,29.11572193,28.17898567,54.78042129,13.7,747
2/06/2025,Winter,0,0,Clear,28.1,28.2,47.4,9.3,670
3/06/2025,Winter,0,1,Cloudy,24.6,24.1,53.1,13,811
4/06/2025,Winter,0,1,Cloudy,27.9,26.6,42.8,7.9,615
5/06/2025,Winter,0,1,Clear,25.6,25.8,43.2,5.5,761
6/06/2025,Winter,0,1,Clear,26.4,26.4,47.3,10.4,878
7/06/2025,Winter,0,1,Cloudy,22.1,23.4,45.9,4.7,854
8/06/2025,Winter,0,0,Clear,31.30530791,21.66545734,54.08530035,,1014
9/06/2025,Winter,0,0,Clear,26,26.3,39.6,13.9,874
10/06/2025,Winter,0,1,Rain,22.6,23.5,59,6.3,710
11/06/2025,Winter,0,1,Storm,25.4,25.8,62.3,11.2,468
12/06/2025,Winter,0,1,Cloudy,25.3,26.7,50.9,6.9,805
13/06/2025,Winter,0,1,Clear,22.4,21,41.6,9.8,
14/06/2025,Winter,0,1,Cloudy,20.9,23.7,48.3,8.9,714
15/06/2025,Winter,0,0,Cloudy,20.6,20.5,48.3,14.2,653
16/06/2025,Winter,0,0,Clear,23.7,23.3,40.6,12.9,1037
17/06/2025,Winter,0,1,Cloudy,24.2,24.7,51.5,11.5,752
18/06/2025,Winter,0,1,Clear,21.3,22.9,45.1,10.4,711
19/06/2025,Winter,0,1,Clear,23.3,23.6,43.3,11.2,842
20/06/2025,Winter,0,1,Clear,,19.33805935,45.95230704,7.4,
21/06/2025,Winter,0,1,Clear,24.5,25.6,47.4,12.6,1005
22/06/2025,Winter,0,0,Clear,26.8,26.4,42.1,6.7,923
23/06/2025,Winter,0,0,Cloudy,26,25.7,46.6,12.5,912
24/06/2025,Winter,0,1,Rain,,18.8,58.5,15.6,454
25/06/2025,Winter,0,1,Clear,31.56620325,26.0043101,50.81851131,10.6,755
26/06/2025,Winter,0,1,Cloudy,21.1,20.1,40.9,,751
27/06/2025,Winter,0,1,Storm,25,25.3,66.4,16.2,500
27/06/2025,Winter,0,1,Storm,25,25.3,66.4,16.2,500
28/06/2025,Winter,0,1,Clear,22.4,22.2,32.9,1.4,
29/06/2025,Winter,0,0,Clear,20.7117635,18.67017897,52.3024135,10.9,902
30/06/2025,Winter,0,0,Clear,17.5,19.6,50,9.7,410
1/07/2025,Winter,0,1,Clear,21.5,21.3,44.4,9.8,844
2/07/2025,Winter,0,1,Cloudy,18,17.7,47.7,,536
3/07/2025,Winter,0,1,Clear,24.2,23.3,-10,9.8,
4/07/2025,Winter,0,1,Clear,25.4,26.5,41.8,6.6,991
5/07/2025,Winter,0,1,Clear,19.6,18.8,40.2,9.6,670
6/07/2025,Winter,0,0,Clear,22.2,21.1,37.4,10.2,842
7/07/2025,Winter,0,0,Rain,19.5,20.5,54.8,12.3,443
8/07/2025,Winter,0,1,Clear,19.7,18.7,42.2,10.5,571
9/07/2025,Winter,0,1,Clear,23.1,22.1,37.2,13.1,851
10/07/2025,Winter,0,1,Clear,20.9,19,36.9,6.7,766
11/07/2025,Winter,0,1,Clear,25.3,25.1,34.1,10.5,954
12/07/2025,Winter,0,1,Clear,19.6,20.8,42.8,13.9,734
13/07/2025,Winter,0,0,Clear,100,26.87875409,58.10193746,4.8,1037
14/07/2025,Winter,0,0,Clear,21.30969124,21.88068651,58.13081905,10.5,804
15/07/2025,Winter,0,1,Clear,22.5,21.6,45.4,8.2,728
16/07/2025,Winter,0,1,Cloudy,19.3,19.5,45.9,8.9,555
17/07/2025,Winter,0,1,Cloudy,20.2,19.4,47.4,7.3,644
18/07/2025,Winter,0,1,Cloudy,19.9,19.6,46.9,9.5,630
19/07/2025,Winter,0,1,Cloudy,18,18,44.9,15.5,586
20/07/2025,Winter,0,0,Cloudy,26.13339031,23.39591854,25.52879221,6.2,945
21/07/2025,Winter,0,0,Clear,21.6,20.6,51.3,6.5,971
22/07/2025,Winter,1,0,Clear,21.3,19.8,37.9,6.1,879
23/07/2025,Winter,0,1,Clear,23.6,21,36.8,15.2,891
24/07/2025,Winter,0,1,Clear,23.3,23.5,42.3,8.6,918
25/07/2025,Winter,0,1,Cloudy,18.6,20.5,46.3,9.9,415
26/07/2025,Winter,0,1,Clear,20.4,21,33,8.8,758
26/07/2025,Winter,0,1,Clear,20.4,21,33,8.8,758
27/07/2025,Winter,0,0,Cloudy,17.8,16.2,50.7,7.2,460
28/07/2025,Winter,0,0,Cloudy,19.3,20.6,44.5,9.3,518
29/07/2025,Winter,0,1,Clear,14.46193017,17.65049842,20.10589407,17.4,511
30/07/2025,Winter,0,1,Rain,23.1,21.5,60.9,16.2,727
31/07/2025,Winter,0,1,Clear,19.9,,43.1,7.4,527
1/08/2025,Winter,0,1,Cloudy,18.4,18.7,38.7,11.9,447
2/08/2025,Winter,0,1,Clear,21.8,22.6,48.9,7.5,871
3/08/2025,Winter,0,0,Clear,13.3,12.2,43.3,4.7,178
4/08/2025,Winter,0,0,Clear,13.6,13.4,40,13.1,87
5/08/2025,Winter,0,1,Clear,20.6,18,48,13.5,801
6/08/2025,Winter,0,1,Clear,18.6,17.6,40.9,13.1,535
7/08/2025,Winter,0,1,Rain,19,20.4,55,10.6,335
8/08/2025,Winter,0,1,Cloudy,15,14.7,41.8,9.5,52
9/08/2025,Winter,0,1,Clear,18.2,17.1,,12.2,559
10/08/2025,Winter,0,0,Clear,23.2,23.6,42.6,11.2,1106
11/08/2025,Winter,0,0,Clear,20.1,20.8,40.3,8.8,782
12/08/2025,Winter,0,1,Clear,18.4,19.5,36.4,5.1,616
13/08/2025,Winter,0,1,Rain,16.8,17.8,56,12.3,340
14/08/2025,Winter,0,1,Clear,16.9,17.1,40.1,13.2,386
15/08/2025,Winter,1,0,Clear,12.5,12.7,33.8,6.4,0
16/08/2025,Winter,0,1,Clear,18.3,17.6,,,626
17/08/2025,Winter,0,0,Clear,19.7,19.4,43.5,11,751
18/08/2025,Winter,0,0,Clear,13.6,12,27.7,12.3,83
19/08/2025,Winter,0,1,Cloudy,15.8,14.2,46.8,12.6,168
20/08/2025,Winter,0,1,Cloudy,14.5,13.5,43.5,7.9,159
21/08/2025,Winter,0,1,Rain,14.9,15.6,62.5,7.1,3
22/08/2025,Winter,0,1,Cloudy,17.4,17.5,43.6,8.4,413
23/08/2025,Winter,0,1,Clear,12,12.9,44.5,12.7,0
24/08/2025,Winter,0,0,Cloudy,18.7,18.5,44.3,8.4,562
25/08/2025,Winter,1,0,Rain,19,20.4,56.9,9.9,
26/08/2025,Winter,0,1,Cloudy,16.4,18.1,50.2,4.5,246
27/08/2025,Winter,0,1,Rain,,10,54.3,17.3,0
28/08/2025,Winter,0,1,Cloudy,14.4,14.9,51.7,12.5,121
29/08/2025,Winter,0,1,Cloudy,20,19.1,41.9,12.3,769
30/08/2025,Winter,0,1,Clear,9.9,10.6,43.4,12.9,127
31/08/2025,Winter,0,0,Cloudy,12.39630234,19.35227713,73.08275471,11.7,276
1/09/2025,Spring,0,0,Clear,13.8,12.4,45.5,9.3,136
2/09/2025,Spring,0,1,Clear,18.7,19,51.9,9.5,664
3/09/2025,Spring,0,1,Cloudy,14.9,16.4,43.7,8.7,273
4/09/2025,Spring,0,1,Rain,17.6,16.5,50.7,19.9,
5/09/2025,Spring,0,1,Storm,18,18.1,57.8,,296
6/09/2025,Spring,0,1,Clear,21.1,21.6,,8.6,746
7/09/2025,Spring,0,0,Cloudy,16,14.8,50.6,11.4,375
8/09/2025,Spring,0,0,Cloudy,17.4,18.1,48.8,,600
9/09/2025,Spring,0,1,Clear,12.7,10.2,37.8,14.5,84
10/09/2025,Spring,0,1,Clear,22.91350839,12.69365657,39.39419383,8,509
11/09/2025,Spring,0,1,Clear,14.4,14.7,37.6,,211
12/09/2025,Spring,0,1,Cloudy,11.83764835,20.93607314,55.06903058,13.2,106
13/09/2025,Spring,0,1,Clear,16.2,16.2,58.4,11.2,253
14/09/2025,Spring,0,0,Storm,12.3,13,66.1,15.3,93
15/09/2025,Spring,0,0,Clear,16.8,16.6,47.4,10,420
15/09/2025,Spring,0,0,Clear,16.8,16.6,47.4,10,420
16/09/2025,Spring,1,0,Rain,18.6,18.8,57.2,11.8,499
17/09/2025,Spring,0,1,Clear,,,35.8,8.3,325
17/09/2025,Spring,0,1,Clear,,,35.8,8.3,325
18/09/2025,Spring,0,1,Cloudy,12.2,11.4,47,8.7,66
19/09/2025,Spring,0,1,Clear,15.8,14.9,39.7,,236
20/09/2025,Spring,0,1,Clear,17.9,17.1,38.2,9.7,413
21/09/2025,Spring,0,0,Cloudy,11.4,10.5,59.2,7.6,15
22/09/2025,Spring,0,0,Rain,13.4,13,62.2,10.5,117
23/09/2025,Spring,0,1,Cloudy,18.2,19.6,52.9,,481
24/09/2025,Spring,0,1,Clear,16.7,16.6,44.7,12,245
25/09/2025,Spring,0,1,Clear,17.1,15.3,45.6,11.7,475
26/09/2025,Spring,0,1,Clear,20.7,19.3,51.5,9.2,626
27/09/2025,Spring,0,1,Clear,17.2,16.7,46.7,11.7,375
27/09/2025,Spring,0,1,Clear,24.03813846,18.66772081,45.91243182,11.7,375
28/09/2025,Spring,0,0,Cloudy,17.6,19.6,54.7,8.1,419
29/09/2025,Spring,0,0,Cloudy,22.8,22.7,51.3,9.2,1048
30/09/2025,Spring,0,1,Cloudy,15.5,16.5,50.8,12.9,266
1/10/2025,Spring,0,1,Rain,14,14.2,,14.6,198
2/10/2025,Spring,0,1,Cloudy,17.1,17.5,43.1,7.1,309
3/10/2025,Spring,0,1,Cloudy,17.1,16.1,51.9,7.4,417
4/10/2025,Spring,0,1,Clear,14.7,15.5,48.7,10.3,197
5/10/2025,Spring,0,0,Clear,13.4,12.2,42.2,15.2,0
6/10/2025,Spring,0,0,Cloudy,27.84857423,24.56684404,62.28645662,4.3,1121
7/10/2025,Spring,0,1,Cloudy,16.9,16.2,54.4,10.8,230
8/10/2025,Spring,0,1,Clear,14.2,14.2,-20,5.9,185
9/10/2025,Spring,0,1,Clear,18.4,18.7,45,8.1,586
10/10/2025,Spring,0,1,Cloudy,21.20396376,16.12129203,68.97668573,8.9,271
11/10/2025,Spring,0,1,Clear,15.5,16.1,52,8.7,201
12/10/2025,Spring,0,0,Clear,17.5,17.2,44.6,8.4,561
13/10/2025,Spring,0,0,Rain,12.9,12.9,66.4,,0
14/10/2025,Spring,0,1,Cloudy,17.1,19.4,60.9,8.4,359
15/10/2025,Spring,0,1,Clear,21,22.7,55,5.6,835
15/10/2025,Spring,0,1,Clear,21,22.7,55,5.6,835
16/10/2025,Spring,0,1,Cloudy,17.4,16.7,55.9,12.3,346
17/10/2025,Spring,0,1,Clear,15.3,15.6,49.2,12.3,262
17/10/2025,Spring,0,1,Clear,15.3,15.6,49.2,12.3,262
18/10/2025,Spring,0,1,Cloudy,8.971532857,22.29035762,38.67777345,12.5,274
19/10/2025,Spring,0,0,Clear,11.36138966,14.88679268,72.73038478,5.4,220
20/10/2025,Spring,0,0,Cloudy,-25,17.1,58.3,10.9,326
21/10/2025,Spring,0,1,Clear,15.4,13.8,55.7,12,242
22/10/2025,Spring,0,1,Clear,18.7,20.1,53.5,6.9,529
23/10/2025,Spring,0,1,Rain,12.1,12.8,72.2,12,26
24/10/2025,Spring,0,1,Clear,18.7,18.7,53.8,9.7,569
25/10/2025,Spring,0,1,Clear,15.6,15.8,57.5,15.5,195
26/10/2025,Spring,0,0,Clear,17.5,18,58.2,15.8,529
27/10/2025,Spring,0,0,Cloudy,13.8,13.7,55.1,,148
28/10/2025,Spring,0,1,Cloudy,17.5227307,21.21497001,30.87361648,17.5,577
28/10/2025,Spring,0,1,Cloudy,20,20,200,17.5,577
29/10/2025,Spring,0,1,Storm,19.8,21.4,82.4,12.3,315
30/10/2025,Spring,0,1,Clear,20.78931323,17.36468057,41.67071707,12.9,694
31/10/2025,Spring,0,1,Clear,13,12.4,46.6,12.9,27
1/11/2025,Spring,0,1,Clear,19,20.7,51.9,7,656
2/11/2025,Spring,0,0,Clear,18,20,59.5,11.5,
3/11/2025,Spring,0,0,Storm,13,14.5,74.5,14.7,0
4/11/2025,Spring,0,1,Cloudy,17,16.1,58.6,11.7,246
5/11/2025,Spring,0,1,Cloudy,18,19.4,68.5,10.7,605
6/11/2025,Spring,0,1,Clear,18.6,19.1,51.5,13.6,609
7/11/2025,Spring,0,1,Rain,17.7,19.1,68,,333
8/11/2025,Spring,0,1,Clear,18,,58.3,9.5,438
9/11/2025,Spring,0,0,Clear,21.1,21.6,59.4,13.3,932
10/11/2025,Spring,0,0,Clear,20.5,20.8,60.2,11.7,809
11/11/2025,Spring,0,1,Clear,10.3,10.1,62.5,12.2,94
12/11/2025,Spring,0,1,Clear,16.8,15.5,59.2,8,304
13/11/2025,Spring,0,1,Clear,17.2,18.4,60.9,6.9,504
14/11/2025,Spring,0,1,Clear,13.3,14.1,57.4,,72
15/11/2025,Spring,0,1,Cloudy,18,19.5,64.3,8.1,387
16/11/2025,Spring,0,0,Clear,21,19.9,59.8,12.4,930
17/11/2025,Spring,0,0,Clear,15.2,16.1,60.6,12.9,31
18/11/2025,Spring,0,1,Rain,18.9,22.2,78.6,11.5,472
19/11/2025,Spring,0,1,Cloudy,15.8,16.3,67.7,14.3,234
20/11/2025,Spring,0,1,Clear,16.5,16.5,60.4,14.1,401
21/11/2025,Spring,1,0,Clear,21.9,22.5,56.4,10.7,999
22/11/2025,Spring,0,1,Rain,17,20.4,76,9.5,395
23/11/2025,Spring,0,0,Clear,19.6,18.6,60.8,14.7,843
24/11/2025,Spring,0,0,Clear,,14.6,62.1,9.8,240
25/11/2025,Spring,0,1,Rain,23.2,24.1,87.4,12.4,813
26/11/2025,Spring,0,1,Clear,20.2,20.2,59,9,867
27/11/2025,Spring,0,1,Cloudy,18.3,19.5,69,7.3,384
28/11/2025,Spring,0,1,Cloudy,20.3,23.2,72.4,5.6,792
29/11/2025,Spring,0,1,Cloudy,15.4,17.9,67.8,11.9,154
30/11/2025,Spring,0,0,Clear,22,23.9,74.2,7.6,936
1/12/2025,Summer,0,0,Clear,18.3,17.5,60.9,19.2,543
2/12/2025,Summer,0,1,Clear,18.7,22.2,,6.7,632
3/12/2025,Summer,0,1,Clear,18.1,18.5,59.2,6.2,480
4/12/2025,Summer,0,1,Rain,17.9,18.3,76.7,13.5,443
5/12/2025,Summer,0,1,Clear,21.2,19.7,64.9,14.6,813
6/12/2025,Summer,1,0,Cloudy,20.2,22.7,73.1,10.2,740
7/12/2025,Summer,1,0,Cloudy,21.3,23.1,70.6,11.7,
8/12/2025,Summer,0,0,Cloudy,19.7,24,75.5,4.5,853
9/12/2025,Summer,0,1,Clear,21.1,20.7,64,8,866
10/12/2025,Summer,0,1,Clear,18.9,21.3,63,6.8,661
11/12/2025,Summer,0,1,Storm,25.6,28.2,98.4,9.3,720
12/12/2025,Summer,0,1,Cloudy,16.2,18.1,72,10.4,
13/12/2025,Summer,0,1,Rain,23.4,23.6,76.6,5.3,881
14/12/2025,Summer,0,0,Rain,23.8,26.8,76.9,,1046
15/12/2025,Summer,0,0,Cloudy,18.3,20.1,65.9,8.4,526
16/12/2025,Summer,0,1,Clear,,27.4,70.5,7.5,10000
17/12/2025,Summer,0,1,Cloudy,23.1,24.6,69.1,11.2,1016
18/12/2025,Summer,0,1,Clear,23.2,23.2,66.8,10.9,1085
19/12/2025,Summer,0,1,Cloudy,20.9,21.1,71,12.7,819
20/12/2025,Summer,1,0,Storm,20.4,21.2,90.1,17.3,617
21/12/2025,Summer,1,0,Clear,20.5,19,62.4,13.4,1139
22/12/2025,Summer,1,0,Clear,22.1,23.6,61.4,10,1269
23/12/2025,Summer,1,0,Clear,24.8,26.8,68.1,10.9,1376
24/12/2025,Summer,1,0,Storm,21.8,22.5,90.1,16.5,644
25/12/2025,Summer,1,0,Clear,19.2,20.4,68.9,10.4,808
26/12/2025,Summer,1,0,Clear,23.6,24.1,63.4,8.8,1299
27/12/2025,Summer,1,0,Clear,24,25.4,70.9,9,1355
28/12/2025,Summer,1,0,Clear,23.4,23.7,64,7.5,1273
29/12/2025,Summer,1,0,Clear,23.7,23.5,65.2,11.3,1522
30/12/2025,Summer,1,0,Clear,,23,63.2,9.7,1089
31/12/2025,Summer,1,0,Clear,19.8,21.1,74.6,8,1016
